{
 "0": {
  "1": 1727.6695652173912,
  "8": 8036.714285714285,
  "11": 2440.5172413793102,
  "16": 7256.222222222223,
  "19": 11.25,
  "24": 39176.679509632224,
  "26": 10299.870967741936
 },
 "1": {
  "2": 2126916.2424942264,
  "11": 0.0,
  "3": 62885.3,
  "20": 2690536.5555555555,
  "5": 5347.0,
  "6": 342774.92307692306,
  "23": 499432.85714285716,
  "7": 195960.2,
  "22": 132183.42857142858,
  "21": 909977.25,
  "13": 147589.2,
  "18": 3730.0
 },
 "2": {
  "3": 35841.705882352944,
  "10": 16002.920454545454,
  "12": 91.40625,
  "18": 169.5,
  "14": 99898.16666666667,
  "21": 29699.47730829421,
  "23": 215377.08551068883,
  "25": 59916.6,
  "1": 83183.8,
  "17": 5199.5,
  "28": 71294.0,
  "13": 11.0,
  "19": 317902.3333333333
 },
 "3": {
  "4": 342709.5714285714,
  "6": 267055.2839895013,
  "9": 294611.14285714284,
  "5": 445117.0,
  "1": 47658.88461538462,
  "8": 172468.0,
  "17": 591.0,
  "7": 4175015.0
 },
 "4": {
  "5": 13736180.5
 },
 "5": {
  "0": 653265.7058823529,
  "6": 58.0
 },
 "6": {
  "7": 306212.75774504826,
  "4": 556.0,
  "9": 581.2,
  "1": 191071.75,
  "8": 342992.0,
  "17": 196751.0,
  "25": 526057.0
 },
 "7": {
  "5": 7238248.538461538,
  "0": 103154.0,
  "1": 139428.8,
  "6": 67934.0
 },
 "8": {
  "9": 213113.42782152232,
  "2": 1029860.0,
  "15": 14614.0,
  "3": 27390.666666666668,
  "6": 151330.0,
  "14": 42156.0,
  "18": 62265.0
 },
 "9": {
  "2": 3486360.888252149,
  "6": 31714.6875,
  "5": 214174.9090909091,
  "20": 2361069.5,
  "7": 301652.7272727273,
  "22": 73798.0,
  "8": 0.0,
  "3": 489982.3333333333,
  "15": 0.0,
  "13": 131.0
 },
 "10": {
  "3": 181842.4701986755,
  "14": 290267.0,
  "1": 397488.8333333333,
  "18": 18795.0
 },
 "11": {
  "1": 158195.1603053435,
  "2": 34300.8,
  "8": 192978.17647058822,
  "19": 556211.0
 },
 "12": {
  "13": 201801.22222222222
 },
 "13": {
  "2": 269666.15178571426,
  "1": 107861.0,
  "20": 1342803.5,
  "25": 50.0,
  "8": 413617.0,
  "0": 202944.0,
  "17": 917.0
 },
 "14": {
  "15": 226923.18421052632,
  "8": 24.0,
  "9": 79412.0
 },
 "15": {
  "6": 216489.23684210525,
  "4": 1404699.0,
  "9": 19.0,
  "7": 1652675.0
 },
 "16": {
  "17": 96132.55
 },
 "17": {
  "0": 150556.78494623656,
  "13": 30.0,
  "18": 416582.0
 },
 "18": {
  "13": 181384.4090909091,
  "2": 63996.0,
  "1": 338625.0,
  "9": 107036.0,
  "17": 855.0
 },
 "19": {
  "17": 204387.2,
  "2": 369554.5,
  "18": 11455.0,
  "13": 11393.0,
  "21": 287479.0
 },
 "20": {
  "25": 110048.33333333333,
  "8": 169146.0
 },
 "21": {
  "3": 172926.56123535676,
  "22": 174704.6586102719,
  "25": 181240.8125,
  "8": 172252.72727272726,
  "1": 147773.07272727272,
  "18": 280335.8,
  "9": 805.0,
  "14": 256543.4375,
  "27": 62783.818181818184,
  "19": 192835.5
 },
 "22": {
  "3": 254649.18600953894,
  "1": 258502.05263157896,
  "14": 266993.35714285716,
  "8": 128361.8,
  "25": 135828.3,
  "18": 455881.3333333333,
  "17": 17536.333333333332
 },
 "23": {
  "13": 227175.53305785125,
  "1": 173110.0,
  "25": 178151.25,
  "2": 470109.5,
  "19": 192856.0,
  "17": 77209.0
 },
 "24": {
  "25": 166738.1589285714,
  "2": 78537.8901734104,
  "1": 171692.06580829757,
  "8": 159164.14534883722,
  "19": 162888.81818181818,
  "21": 143.0,
  "28": 116778.45714285714,
  "20": 175.75,
  "7": 18590.0,
  "13": 212424.5,
  "18": 95.0,
  "6": 121286.0
 },
 "25": {
  "1": 298713.25,
  "2": 65479.72727272727,
  "22": 56054.90243902439,
  "8": 259841.17322834645,
  "3": 233753.875,
  "9": 162581.0,
  "13": 38406.0,
  "21": 1185.0,
  "23": 173675.0,
  "7": 245778.5,
  "19": 592198.0
 },
 "26": {
  "17": 511702.8333333333,
  "2": 4294.0
 },
 "27": {
  "25": 76.0,
  "13": 299498.5,
  "2": 271004.0
 },
 "28": {
  "17": 171233.6,
  "2": 77142.0
 }
}